Key;Thai;English
MINION_SUSPICIOUS;สงสัย (จ้องมอง...);Suspicious (Staring...)
MINION_CHASE;วิ่งไล่ล่า!!;Chasing!!
MINION_SEARCH;ค้นหาเป้าหมาย...;Searching for target...
MINION_CALL_BOSS;ตะโกนเรียกบอส!!!;Calling the Stalker!!!
MINION_ATTACK;โจมตี!;Attack!
MINION_STUN;ติดสตัน!;Stunned!
BOSS_ALERT;ตื่นตัว! วิ่งไปตรวจเสียง;Alert! Checking noise
BOSS_CHASE;วิ่งไล่ฆ่า!!;Chasing to kill!!
BOSS_STUN;ติดสตัน!;Stunned!
BOSS_KILL;JUMPSCARE (โจมตี)!;JUMPSCARE!
UI_RESUME;เล่นต่อ;Resume
UI_SETTINGS;ตั้งค่า;Settings
UI_QUIT;ออกจากเกม;Quit
UI_BACK;ย้อนกลับ;Back
UI_LANGUAGE;ภาษา;Language
UI_SENSITIVITY;ความไวเมาส์;Mouse Sensitivity
UI_VOLUME;ระดับเสียง;Master Volume
JOURNAL_TAB_BAG;กระเป๋า;Bag
JOURNAL_TAB_KEYITEM;ของสำคัญ;Key Items
JOURNAL_TAB_NOTE;บันทึก;Notes
JOURNAL_EMPTY;ยังไม่มีรายการ;Nothing here yet
DOC_UNTITLED_TITLE;เอกสารไม่มีชื่อ;Untitled Document
DOC_UNTITLED_BODY;ไม่มีเนื้อหา;No content
PLAYER_NAME;โรวัน;ROWAN
JOURNAL_PAGE_TITLE_BAG;กระเป๋า;INVENTORY
JOURNAL_TAB_QUEST;เควส;Quests
QUEST_EMPTY;ไม่มีเควสที่ทำอยู่;No active quest
QUEST_COMPLETED_HEADER;เควสที่ทำเสร็จแล้ว;Completed Quests
QUEST_SAMPLE_TITLE;สำรวจชั้นสอง;Explore the 2nd Floor
QUEST_SAMPLE_DESC;ตรวจดูความผิดปกติบริเวณทางเดิน;Investigate the disturbance in the hallway
QUEST_SAMPLE_OBJ1;ตรวจสอบรอยเท้าบนพื้น;Inspect the footprints on the floor
QUEST_SAMPLE_OBJ2;หาทางเปิดประตูห้องนอน;Find a way to unlock the bedroom door
DIALOGUE_SAMPLE_01;เมื่อกี้อะไรวะ...;What was that just now...
DIALOGUE_SAMPLE_02;ประตูห้องนอนล็อกอยู่ ต้องหากุญแจ;The bedroom door is locked. Need to find a key.
QUEST_TOAST_NEW;บันทึกใหม่: {0};New entry: {0}
QUEST_TOAST_NEW_OBJECTIVE;เป้าหมายใหม่: {0};New objective: {0}
QUEST_TOAST_OBJECTIVE_DONE;เสร็จแล้ว: {0};Done: {0}
QUEST_TOAST_COMPLETED;บันทึกสำเร็จ: {0};Entry completed: {0}
SAVE_DONE;บันทึกเกมแล้ว;Game saved
SAVE_BLOCKED_PTSD;บันทึกเกมไม่ได้ในตอนนี้...;You cannot save right now...
MINIGAME_ASSEMBLY_HINT;ลากเศษรูปจากช่องขวาไปวางบนกระดาน · R หมุน · คลิกขวาเอาคืน;Drag pieces from the right onto the board · R rotate · Right-click to take back
COMIC_HINT_NEXT;Space / F ไปหน้าถัดไป · Tab ข้าม;Space / F next page · Tab skip
KEYITEM_PAINTING_FULL;รูปวาดที่ถูกประกอบคืน;The Restored Painting
KEYITEM_PAINTING_FULL_DESC;รูปวาดที่ประกอบจากเศษกระดาษจนสมบูรณ์ (ข้อความทดสอบ);The painting, pieced back together (placeholder)
KEYITEM_PAINTING_KEY;กุญแจหลังรูปวาด;Key Behind the Painting
KEYITEM_PAINTING_KEY_DESC;กุญแจที่ซ่อนอยู่หลังรูปวาดบนขาตั้ง (ข้อความทดสอบ);A key hidden behind the painting on the easel (placeholder)
DOC_KEY_NOTE_TITLE;โน้ตที่ถูกทิ้งไว้;A Note Left Behind
DOC_KEY_NOTE_BODY;ผมได้กุญแจห้องเอกสารอันใหม่ไว้ให้คุณหญิงแล้วนะครับ ผมจะเก็บไว้ในตู้ห้องนอนคนใช้ครับ ส่วนกุญแจล็อกตู้ผมซ่อนไว้หลังกรอบรูปนะครับ;Madam, I have the new key to the document room ready for you. I will keep it in the cabinet in the servants' bedroom. As for the key to the cabinet lock, I have hidden it behind the picture frame.
QUEST_01_EXPLORE_TITLE;สำรวจโถงทางเดินชั้น 1;Explore the 1st Floor Hallway
QUEST_02_PIECES_TITLE;ตามหาชิ้นส่วนรูปภาพ;Find the Picture Pieces
QUEST_02_PIECES_DESC;หาชิ้นส่วนรูปวาดที่ซ่อนอยู่ในห้องครัว;Find the painting pieces hidden in the kitchen
QUEST_02_PIECES_OBJ1;รวบรวมชิ้นส่วนรูปภาพที่ขาดหาย;Collect the missing picture pieces
QUEST_03_DELIVER_TITLE;นำชิ้นส่วนไปส่ง;Deliver the Pieces
QUEST_03_DELIVER_DESC;นำชิ้นส่วนทั้งหมดไปประกอบคืนที่จุดส่งเควส;Bring all the pieces back to be reassembled
QUEST_03_DELIVER_OBJ1;นำเศษรูปไปประกอบคืนที่ขาตั้งวาดรูป;Reassemble the scraps at the easel
